1508598794701,ACCEL,-3.2752678,7.690176,5.2289367
1508598794718,ACCEL,-3.4955344,7.632715,4.960786
1508598794736,ACCEL,-3.4476504,7.728483,5.592855
1508598794754,ACCEL,-3.5051112,7.690176,5.707777
1508598794775,ACCEL,-3.620033,7.699753,5.3438582
1508598794793,ACCEL,-3.5529952,7.6614456,5.2863975
1508598794813,ACCEL,-3.4572272,7.728483,5.315128
1508598794834,ACCEL,-3.3614593,7.699753,5.133168
1508598794853,ACCEL,-3.41892,7.6614456,5.0661306
1508598794876,ACCEL,-3.514688,7.5561004,5.4300494
1508598794886,MAG,12.24,-38.82,-14.219999
1508598794892,ACCEL,-3.620033,7.5944076,5.2768207
1508598794912,ACCEL,-3.5817258,7.6231384,5.1523223
1508598794933,ACCEL,-3.514688,7.728483,5.267244
1508598794954,ACCEL,-3.5051112,7.680599,5.315128
1508598794974,ACCEL,-3.6104562,7.603985,5.2289367
1508598794993,ACCEL,-3.5625722,7.6710224,5.353435
1508598795012,ACCEL,-3.4955344,7.6614456,5.2863975
1508598795032,ACCEL,-3.4380736,7.73806,5.363012
1508598795056,ACCEL,-3.5051112,7.7093296,5.391742
1508598795074,ACCEL,-3.5242648,7.6231384,5.2289367
1508598795086,MAG,12.12,-38.52,-13.92
1508598795091,ACCEL,-3.5913026,7.6231384,5.161899
1508598795110,ACCEL,-3.5242648,7.603985,5.171476
1508598795130,ACCEL,-3.4380736,7.642292,5.2289367
1508598795152,ACCEL,-3.41892,7.7189064,5.4683566
1508598795170,ACCEL,-3.572149,7.651869,5.315128
1508598795190,ACCEL,-3.5913026,7.575254,5.209783
1508598795209,ACCEL,-3.5434184,7.5848308,5.0374002
1508598795229,ACCEL,-3.4476504,7.651869,5.1235914
1508598795250,ACCEL,-3.5338416,7.651869,5.085284
1508598795273,ACCEL,-3.4763808,7.632715,5.2863975
1508598795288,MAG,12.0,-38.219997,-13.679999
1508598795289,ACCEL,-3.4572272,7.795521,5.544971
1508598795309,ACCEL,-3.572149,7.517793,5.2959743
1508598795328,ACCEL,-3.620033,7.5465236,5.4779334
1508598795349,ACCEL,-3.4859576,7.5465236,5.257667
1508598795371,ACCEL,-3.572149,7.4603324,5.094861
1508598795388,ACCEL,-3.667917,7.4603324,5.0757074
1508598795407,ACCEL,-3.5529952,7.2783732,5.305551
1508598795427,ACCEL,-3.217807,7.431602,5.803545
1508598795448,ACCEL,-2.8921957,7.565677,6.6175733
1508598795471,ACCEL,-2.9783869,7.4507556,6.531382
1508598795488,MAG,11.88,-37.92,-13.5
1508598795491,ACCEL,-3.3135753,7.383718,6.0716953
1508598795508,ACCEL,-3.4572272,7.393295,5.5258174
1508598795526,ACCEL,-3.4763808,7.536947,5.401319
1508598795546,ACCEL,-3.3614593,7.7093296,5.544971
1508598795566,ACCEL,-3.3423057,7.642292,6.196194
1508598795586,ACCEL,-3.3135753,7.6135616,6.215348
1508598795609,ACCEL,-3.371036,7.843405,6.3302693
1508598795627,ACCEL,-3.323152,7.7093296,5.9280434
1508598795645,ACCEL,-3.3423057,7.3645644,5.755661
1508598795665,ACCEL,-3.3039982,6.8761473,5.7748146
1508598795687,MAG,11.759999,-37.62,-13.32
1508598795688,ACCEL,-2.7868507,6.5601125,5.9184666
1508598795706,ACCEL,-2.5187001,5.861006,4.855441
1508598795725,ACCEL,-3.371036,6.0238113,7.603985
1508598795744,ACCEL,-3.9456444,5.506664,7.6614456
1508598795763,ACCEL,-3.8307228,4.9895163,8.7532015
1508598795787,ACCEL,-3.916914,3.8019924,8.810662
1508598795806,ACCEL,-3.763685,2.2601264,7.8625584
1508598795824,ACCEL,-3.0454245,1.2354081,11.903971
1508598795842,ACCEL,-2.719813,0.019153614,13.206416
1508598795862,ACCEL,-2.2026656,-0.36391866,9.969456
1508598795884,ACCEL,-2.9017725,-2.2984335,9.260772
1508598795884,MAG,11.5199995,-37.02,-13.92
1508598795904,ACCEL,-2.72939,-1.3599066,8.274361
1508598795926,ACCEL,-0.5363012,-4.0797195,14.633361
1508598795942,ACCEL,0.842759,-4.050989,15.179238
1508598795961,ACCEL,-0.45010993,-1.6280571,10.572795
1508598795982,ACCEL,-2.0398598,1.1492168,6.9623384
1508598796006,ACCEL,-2.5378537,2.2218192,7.5561004
1508598796026,ACCEL,-2.6719291,2.2409728,7.9966335
1508598796041,ACCEL,-2.1164744,2.231396,9.193734
1508598796060,ACCEL,-0.6607997,2.4708161,11.003751
1508598796080,ACCEL,-0.50757074,2.767697,10.352529
1508598796083,MAG,10.92,-33.18,-16.74
1508598796103,ACCEL,-1.5705963,3.7445314,9.165004
1508598796121,ACCEL,-1.8579005,3.8881836,8.7532015
1508598796142,ACCEL,-1.2449849,3.821146,9.040505
1508598796160,ACCEL,-0.8810662,5.0757074,8.90643
1508598796178,ACCEL,-0.9576807,6.1387334,8.724471
1508598796199,ACCEL,-1.2449849,5.353435,8.293514
1508598796220,ACCEL,-1.1875241,4.175488,9.030929
1508598796240,ACCEL,-1.436521,3.9360676,8.111555
1508598796259,ACCEL,-1.5897499,4.548983,7.393295
1508598796278,ACCEL,-1.8291701,5.7748146,8.034941
1508598796288,MAG,9.9,-30.06,-19.38
1508598796303,ACCEL,-1.436521,5.707777,8.552089
1508598796323,ACCEL,-1.5610195,5.2289367,7.8529816
1508598796341,ACCEL,-1.9249382,4.7788267,7.1059904
1508598796357,ACCEL,-1.8387469,4.8841715,7.843405
1508598796380,ACCEL,-1.0247183,4.7884035,10.228029
1508598796396,ACCEL,-0.8619126,5.2002063,9.672575
1508598796431,ACCEL,-0.90021986,5.2002063,9.56723
1508598796437,ACCEL,-0.94810385,5.7269306,8.418014
1508598796456,ACCEL,-0.9768343,5.746084,8.485051
1508598796476,ACCEL,-0.8714894,5.6790466,8.475474
1508598796484,MAG,8.94,-28.26,-21.66
1508598796496,ACCEL,-1.13964,5.8322754,7.920019
1508598796516,ACCEL,-0.78529817,5.2863975,8.322245
1508598796537,ACCEL,-0.7661445,5.659893,7.8050976
1508598796555,ACCEL,-0.92895025,5.602432,8.082825
1508598796574,ACCEL,-1.091756,5.583278,8.063671
1508598796594,ACCEL,-1.043872,5.046977,8.485051
1508598796615,ACCEL,-0.79487497,5.592855,8.944737
1508598796635,ACCEL,-0.7469909,5.544971,9.174581
1508598796654,ACCEL,-0.9576807,5.506664,8.599973
1508598796673,ACCEL,-1.0247183,5.401319,8.619126
1508598796683,MAG,7.9199996,-26.88,-23.939999
1508598796693,ACCEL,-1.0055647,5.439626,8.628703
1508598796713,ACCEL,-0.93852705,5.3821654,8.628703
1508598796734,ACCEL,-1.0247183,5.391742,8.532935
1508598796753,ACCEL,-1.0247183,5.2480903,8.350976
1508598796772,ACCEL,-1.0055647,5.6407394,8.408437
1508598796791,ACCEL,-0.9864111,5.5641246,8.42759
1508598796811,ACCEL,-0.92895025,5.6407394,8.322245
1508598796832,ACCEL,-0.8619126,5.803545,8.264784
1508598796851,ACCEL,-0.8714894,5.717354,8.274361
1508598796871,ACCEL,-0.92895025,5.5162406,8.418014
1508598796883,MAG,6.8999996,-25.5,-26.22
1508598796891,ACCEL,-0.9672575,5.583278,8.360553
1508598796910,ACCEL,-0.93852705,5.6982,8.274361
1508598796931,ACCEL,-0.94810385,5.6790466,8.063671
1508598797083,MAG,5.64,-24.18,-28.439999
1508598797128,ACCEL,-0.7182605,6.033388,8.24563
1508598797283,MAG,4.38,-22.859999,-30.599998
1508598797326,ACCEL,-1.0821792,6.6846113,7.4028716
1508598797489,MAG,3.1799998,-22.02,-31.859999
1508598797525,ACCEL,-0.79487497,7.479486,7.345411
1508598797684,MAG,2.46,-24.84,-30.359999
1508598797722,ACCEL,-0.7182605,7.5561004,6.742072
1508598797885,MAG,2.04,-27.24,-28.74
1508598797920,ACCEL,-0.7374141,7.5944076,6.895301
1508598798084,MAG,1.56,-28.38,-27.24
1508598798118,ACCEL,-0.6607997,7.5848308,7.3071036
1508598798284,MAG,1.3199999,-29.58,-26.099998
1508598798316,ACCEL,-0.61291564,7.603985,7.07726
1508598798484,MAG,1.02,-30.84,-24.9
1508598798514,ACCEL,-0.39264908,7.6231384,6.7324953
1508598798683,MAG,1.02,-32.219997,-23.76
1508598798713,ACCEL,-0.641646,8.197746,5.4683566
1508598798886,MAG,0.9,-33.719997,-22.56
1508598798911,ACCEL,-0.59376204,7.795521,6.6654577
1508598799087,MAG,0.71999997,-34.98,-21.539999
1508598799108,ACCEL,-0.58418524,7.8529816,6.4068837
1508598799286,MAG,0.42,-35.82,-21.0
1508598799305,ACCEL,-0.51714754,7.5944076,6.789956
1508598799486,MAG,0.0,-36.36,-20.82
1508598799504,ACCEL,-0.40222588,7.651869,6.493075
1508598799685,MAG,-0.42,-36.84,-20.76
1508598799706,ACCEL,-0.47884035,7.881712,6.6271505
1508598799887,MAG,-0.84,-37.2,-20.699999
1508598799901,ACCEL,-0.51714754,7.785944,6.8569937
1508598800086,MAG,-1.26,-37.44,-20.52
1508598800098,ACCEL,-0.5746084,8.0924015,6.7803793
1508598800288,MAG,-1.68,-37.5,-20.4
1508598800295,ACCEL,-0.9576807,7.920019,5.765238
1508598800490,MAG,-1.9799999,-37.44,-20.16
1508598800493,ACCEL,-0.5746084,8.236053,6.7708025
1508598800686,MAG,-2.28,-37.38,-19.92
1508598800694,ACCEL,-0.38307226,8.00621,7.2687964
1508598800887,MAG,-2.3999999,-37.2,-19.68
1508598800891,ACCEL,-0.24899697,7.9583263,6.540959
1508598801088,MAG,-2.46,-37.02,-19.439999
1508598801089,ACCEL,-0.90021986,7.776367,6.531382
1508598801289,MAG,-2.46,-36.899998,-19.26
1508598801289,ACCEL,-0.51714754,7.9008656,6.7803793
1508598801488,ACCEL,-0.79487497,7.776367,6.5505357
1508598801489,MAG,-2.46,-36.719997,-19.14
1508598801682,ACCEL,-0.50757074,7.728483,6.6367273
1508598801687,MAG,-2.3999999,-36.6,-19.02
1508598801879,ACCEL,-0.7469909,7.5944076,6.6175733
1508598801887,MAG,-2.34,-36.42,-18.96
1508598801970,ACCEL,-0.6991069,7.603985,6.789956
1508598801988,ACCEL,-0.6799533,7.651869,6.7133417
1508598802008,ACCEL,-0.5267244,7.6710224,6.943185
1508598802027,ACCEL,-0.50757074,7.6710224,6.8282633
1508598802047,ACCEL,-0.545878,7.795521,6.646304
1508598802070,ACCEL,-0.545878,7.785944,6.655881
1508598802090,MAG,-2.28,-36.239998,-18.96
1508598802090,ACCEL,-0.49799395,7.699753,6.8665705
1508598802108,ACCEL,-0.5554548,7.680599,6.6750345
1508598802127,ACCEL,-0.50757074,7.651869,6.8761473
1508598802147,ACCEL,-0.5746084,7.7572136,6.6846113
1508598802169,ACCEL,-0.59376204,7.728483,6.8091097
1508598802188,ACCEL,-0.5363012,7.728483,6.991069
1508598802206,ACCEL,-0.61291564,7.728483,6.7133417
1508598802226,ACCEL,-0.62249243,7.747637,6.694188
1508598802246,ACCEL,-0.60333884,7.7572136,6.6271505
1508598802266,ACCEL,-0.5746084,7.824251,6.6750345
1508598802286,ACCEL,-0.5650316,7.7572136,6.9527617
1508598802288,MAG,-2.22,-36.18,-19.02
1508598802308,ACCEL,-0.62249243,7.776367,6.5601125
1508598802326,ACCEL,-0.5554548,7.795521,6.5122285
1508598802345,ACCEL,-0.6607997,8.025364,6.215348
1508598802369,ACCEL,-0.45968673,7.833828,6.435614
1508598802384,ACCEL,-0.51714754,7.7189064,6.253655
1508598802405,ACCEL,-0.45010993,7.73806,6.588843
1508598802425,ACCEL,-0.4405331,7.833828,6.6846113
1508598802444,ACCEL,-0.5650316,7.8050976,6.799533
1508598802466,ACCEL,-0.7374141,7.7667904,6.8569937
1508598802484,ACCEL,-0.60333884,7.795521,6.9048777
1508598802489,MAG,-2.1599998,-36.18,-19.02
1508598802504,ACCEL,-0.61291564,7.824251,6.7133417
1508598802522,ACCEL,-0.47884035,7.824251,6.751649
1508598802544,ACCEL,-0.50757074,7.7667904,6.6846113
1508598802563,ACCEL,-0.61291564,7.776367,6.5505357
1508598802584,ACCEL,-0.5267244,7.785944,6.493075
1508598802604,ACCEL,-0.63206923,7.9104424,6.5026517
1508598802622,ACCEL,-0.545878,7.73806,6.6079965
1508598802641,ACCEL,-0.545878,7.8529816,6.7612257
1508598802662,ACCEL,-0.6607997,7.8625584,6.5218053
1508598802681,ACCEL,-0.63206923,7.728483,6.5026517
1508598802687,MAG,-2.1,-36.18,-19.08
1508598802706,ACCEL,-0.6512229,7.795521,6.38773
1508598802721,ACCEL,-0.49799395,7.872135,6.7133417
1508598802741,ACCEL,-0.51714754,7.73806,6.8186865
1508598802760,ACCEL,-0.58418524,7.73806,6.7324953
1508598802779,ACCEL,-0.5363012,7.8050976,6.703765
1508598802805,ACCEL,-0.48841715,7.843405,6.588843
1508598802821,ACCEL,-0.45010993,7.9391727,6.3111157
1508598802839,ACCEL,-0.46926352,7.73806,6.339846
1508598802859,ACCEL,-0.5554548,7.651869,6.2728086
1508598802878,ACCEL,-0.46926352,7.7572136,6.8091097
1508598802887,MAG,-2.04,-36.18,-19.08
1508598802900,ACCEL,-0.36391866,8.00621,7.1826053
1508598802920,ACCEL,-0.36391866,8.025364,6.8091097
1508598802941,ACCEL,-0.5267244,7.8050976,6.1387334
1508598802959,ACCEL,-0.63206923,7.785944,6.4068837
1508598802977,ACCEL,-0.49799395,7.73806,6.7324953
1508598802998,ACCEL,-0.48841715,7.776367,6.6079965
1508598803017,ACCEL,-0.45010993,7.824251,6.588843
1508598803040,ACCEL,-0.40222588,7.9391727,6.6654577
1508598803056,ACCEL,-0.33518824,7.881712,6.579266
1508598803076,ACCEL,-0.38307226,7.872135,6.5696893
1508598803087,MAG,-1.9799999,-36.18,-19.08
1508598803096,ACCEL,-0.35434186,7.8146744,6.588843
1508598803116,ACCEL,-0.34476504,7.8625584,6.5601125
1508598803136,ACCEL,-0.33518824,7.8529816,6.4260373
1508598803156,ACCEL,-0.37349546,7.872135,6.4164605
1508598803175,ACCEL,-0.4309563,7.8529816,6.6079965
1508598803195,ACCEL,-0.49799395,7.881712,6.6175733
1508598803215,ACCEL,-0.4309563,7.833828,6.579266
1508598803237,ACCEL,-0.45968673,7.881712,6.588843
1508598803254,ACCEL,-0.5746084,7.785944,6.540959
1508598803274,ACCEL,-0.545878,7.728483,6.5026517
1508598803288,MAG,-1.9799999,-36.18,-19.14
1508598803293,ACCEL,-0.51714754,7.8146744,6.540959
1508598803315,ACCEL,-0.40222588,7.8529816,6.540959
1508598803333,ACCEL,-0.4309563,7.8912888,6.4547677
1508598803355,ACCEL,-0.41180268,7.824251,6.5026517
1508598803375,ACCEL,-0.38307226,7.872135,6.397307
1508598803394,ACCEL,-0.35434186,7.824251,6.4643445
1508598803412,ACCEL,-0.34476504,7.8912888,6.493075
1508598803435,ACCEL,-0.32561144,7.8625584,6.4547677
1508598803457,ACCEL,-0.35434186,7.7667904,6.5984197
1508598803473,ACCEL,-0.32561144,7.795521,6.9144545
1508598803488,MAG,-1.9799999,-36.18,-19.14
1508598803491,ACCEL,-0.35434186,7.8625584,6.847417
1508598803511,ACCEL,-0.4309563,7.843405,6.7612257
1508598803531,ACCEL,-0.50757074,7.8146744,6.7229185
1508598803550,ACCEL,-0.48841715,7.785944,6.5696893
1508598803571,ACCEL,-0.50757074,7.7189064,6.4068837
1508598803591,ACCEL,-0.49799395,7.7572136,6.4260373
1508598803612,ACCEL,-0.50757074,7.699753,6.5122285
1508598803630,ACCEL,-0.46926352,7.699753,6.6079965
1508598803651,ACCEL,-0.45968673,7.833828,6.703765
1508598803669,ACCEL,-0.4213795,7.8050976,6.6750345
1508598803689,MAG,-1.9799999,-36.18,-19.14
1508598803691,ACCEL,-0.49799395,7.9583263,6.5601125
1508598803710,ACCEL,-0.4213795,7.833828,6.5505357
1508598803732,ACCEL,-0.36391866,7.7189064,6.7229185
1508598803751,ACCEL,-0.30645782,7.7667904,6.7229185
1508598803771,ACCEL,-0.32561144,7.843405,6.7324953
1508598803789,ACCEL,-0.35434186,7.795521,6.646304
1508598803809,ACCEL,-0.38307226,7.8050976,6.694188
1508598803828,ACCEL,-0.37349546,7.843405,6.6175733
1508598803852,ACCEL,-0.37349546,7.747637,6.579266
1508598803873,ACCEL,-0.39264908,7.7093296,6.6367273
1508598803889,MAG,-1.9799999,-36.18,-19.14
1508598803890,ACCEL,-0.4213795,7.73806,6.8186865
1508598803908,ACCEL,-0.45010993,7.833828,6.742072
1508598803928,ACCEL,-0.39264908,7.8625584,6.7612257
1508598803947,ACCEL,-0.37349546,7.8529816,6.588843
1508598803967,ACCEL,-0.4405331,7.7667904,6.579266
1508598803986,ACCEL,-0.61291564,7.651869,6.5696893
1508598804009,ACCEL,-0.5650316,7.603985,6.6846113
1508598804026,ACCEL,-0.46926352,7.7189064,6.7229185
1508598804045,ACCEL,-0.35434186,7.785944,6.789956
1508598804068,ACCEL,-0.45968673,7.8529816,6.6750345
1508598804088,ACCEL,-0.48841715,7.795521,6.6079965
1508598804089,MAG,-1.9799999,-36.18,-19.14
1508598804105,ACCEL,-0.46926352,7.795521,6.588843
1508598804126,ACCEL,-0.38307226,7.833828,6.588843
1508598804146,ACCEL,-0.33518824,7.9391727,6.8282633
1508598804165,ACCEL,-0.37349546,7.9391727,7.0006456
1508598804188,ACCEL,-0.5267244,7.97748,6.943185
1508598804203,ACCEL,-0.545878,7.6614456,6.943185
1508598804224,ACCEL,-0.4309563,7.728483,6.7708025
1508598804243,ACCEL,-0.29688102,7.8912888,6.8761473
1508598804262,ACCEL,-0.545878,7.747637,6.244078
1508598804283,ACCEL,-0.6607997,7.52737,6.0525417
1508598804289,MAG,-1.9799999,-36.18,-19.14
1508598804308,ACCEL,-0.63206923,7.4124484,5.861006
1508598804322,ACCEL,-0.36391866,7.6231384,6.2823853
1508598804342,ACCEL,-0.22026655,7.8146744,6.83784
1508598804362,ACCEL,-0.39264908,7.833828,7.0006456
1508598804386,ACCEL,-0.61291564,7.6710224,6.799533
1508598804403,ACCEL,-0.6607997,7.6710224,6.7803793
1508598804425,ACCEL,-0.41180268,7.680599,6.8761473
1508598804441,ACCEL,-0.2873042,7.7189064,6.981492
1508598804461,ACCEL,-0.39264908,7.603985,6.703765
1508598804483,ACCEL,-0.40222588,7.517793,6.8091097
1508598804489,MAG,-1.9799999,-36.18,-19.14
1508598804507,ACCEL,-0.2777274,7.5944076,7.019799
1508598804524,ACCEL,-0.24899697,7.824251,7.192182
1508598804540,ACCEL,-0.2681506,7.795521,7.07726
1508598804560,ACCEL,-0.32561144,7.8146744,6.4643445
1508598804580,ACCEL,-0.36391866,7.7189064,6.3111157
1508598804600,ACCEL,-0.38307226,7.603985,6.253655
1508598804619,ACCEL,-0.50757074,7.7189064,6.435614
1508598804639,ACCEL,-0.36391866,7.776367,7.240066
1508598804659,ACCEL,-0.34476504,7.728483,7.2304893
1508598804679,ACCEL,-0.6991069,7.9008656,6.5696893
1508598804688,MAG,-1.9799999,-36.239998,-19.14
1508598804699,ACCEL,-0.80445176,7.881712,5.93762
1508598804719,ACCEL,-0.33518824,7.7093296,6.5984197
1508598804738,ACCEL,-0.25857377,7.7572136,6.8761473
1508598804758,ACCEL,-0.2681506,7.728483,6.789956
1508598804778,ACCEL,-0.46926352,7.747637,6.483498
1508598804799,ACCEL,-0.40222588,7.843405,6.6271505
1508598804824,ACCEL,-0.23942018,7.833828,6.8761473
1508598804838,ACCEL,-0.20111294,7.776367,7.297527
1508598804857,ACCEL,-0.34476504,7.824251,7.326257
1508598804877,ACCEL,-0.4213795,7.603985,6.6271505
1508598804888,MAG,-1.9799999,-36.239998,-19.14
1508598804897,ACCEL,-0.79487497,7.6614456,5.803545
1508598804917,ACCEL,-0.5267244,7.7572136,6.2345014
1508598804937,ACCEL,-0.10534488,7.699753,6.7324953
1508598804956,ACCEL,-0.11492168,7.5561004,6.38773
1508598804976,ACCEL,-0.19153613,7.5944076,6.397307
1508598804995,ACCEL,-0.19153613,7.642292,6.694188
1508598805019,ACCEL,-0.2777274,7.489063,6.38773
1508598805036,ACCEL,-0.31603462,7.6135616,6.579266
1508598805058,ACCEL,-0.22026655,7.5848308,7.3071036
1508598805075,ACCEL,-0.2681506,7.5561004,7.28795
1508598805090,MAG,-1.9799999,-36.239998,-19.14
1508598805095,ACCEL,-0.33518824,7.5944076,7.249643
1508598805115,ACCEL,-0.32561144,7.6135616,7.1347213
1508598805137,ACCEL,-0.30645782,7.690176,7.0102224
1508598805155,ACCEL,-0.2681506,7.5944076,6.751649
1508598805173,ACCEL,-0.18195933,7.575254,6.540959
1508598805193,ACCEL,-0.1340753,7.6614456,6.6175733
1508598805213,ACCEL,-0.02873042,7.6614456,6.943185
1508598805237,ACCEL,-0.019153614,7.632715,6.8761473
1508598805252,ACCEL,-0.08619126,7.575254,6.8282633
1508598805275,ACCEL,-0.20111294,7.5561004,6.9240313
1508598805291,MAG,-1.9799999,-36.239998,-19.14
1508598805292,ACCEL,-0.16280572,7.632715,6.83784
1508598805312,ACCEL,-0.11492168,7.642292,6.7133417
1508598805334,ACCEL,-0.18195933,7.6614456,6.703765
1508598805356,ACCEL,-0.50757074,7.6710224,6.83784
1508598805373,ACCEL,-0.4309563,7.536947,7.0581064
1508598805491,MAG,-2.04,-36.239998,-19.14
1508598805569,ACCEL,-0.32561144,7.6231384,6.655881
1508598805688,MAG,-2.1,-36.239998,-19.199999
1508598805768,ACCEL,-0.08619126,7.536947,7.4603324
1508598805889,MAG,-2.1599998,-36.239998,-19.26
1508598805968,ACCEL,-0.2873042,7.603985,6.9144545
1508598806090,MAG,-2.28,-36.239998,-19.32
1508598806163,ACCEL,-0.22026655,7.5465236,6.7612257
1508598806289,MAG,-2.3999999,-36.18,-19.38
1508598806360,ACCEL,0.36391866,7.2783732,8.839393
1508598806490,MAG,-2.52,-36.18,-19.439999
1508598806560,ACCEL,-0.16280572,5.3438582,7.4507556
1508598806689,MAG,-2.76,-36.12,-19.56
1508598806756,ACCEL,-0.5554548,6.5505357,7.73806
1508598806889,MAG,-2.82,-35.88,-19.859999
1508598806954,ACCEL,-0.641646,7.2783732,7.872135
1508598807090,MAG,-2.9399998,-35.7,-20.22
1508598807151,ACCEL,1.1300632,5.2768207,9.950302
1508598807290,MAG,-2.9399998,-35.399998,-20.52
1508598807349,ACCEL,-1.6280571,4.6255975,9.586384
1508598807491,MAG,-2.9399998,-34.739998,-21.06
1508598807547,ACCEL,-2.1547816,7.1155677,6.6271505
1508598807690,MAG,-2.76,-34.2,-21.6
1508598807744,ACCEL,-2.480393,7.374141,7.1251445
1508598807890,MAG,-2.34,-33.719997,-22.08
1508598807943,ACCEL,-2.815581,7.326257,6.0716953
1508598808092,MAG,-1.68,-33.36,-22.5
1508598808142,ACCEL,-2.6240451,7.4124484,6.3781533
1508598808291,MAG,-0.78,-33.059998,-22.859999
1508598808340,ACCEL,-2.183512,7.651869,6.799533
1508598808492,MAG,0.17999999,-32.94,-23.039999
1508598808539,ACCEL,-1.5801731,7.632715,6.8091097
1508598808691,MAG,1.0799999,-32.82,-23.16
1508598808733,ACCEL,-1.9153614,7.6710224,6.3589997
1508598808891,MAG,2.04,-32.88,-23.22
1508598808932,ACCEL,-1.8579005,7.7667904,6.5122285
1508598809091,MAG,2.8799999,-33.42,-22.98
1508598809129,ACCEL,-1.8004397,7.6614456,6.4068837
1508598809291,MAG,3.6,-33.899998,-22.56
1508598809328,ACCEL,-2.0015526,7.6231384,6.531382
1508598809492,MAG,4.08,-34.32,-22.199999
1508598809525,ACCEL,-2.0685902,7.7189064,4.6255975
1508598809691,MAG,4.3199997,-34.62,-21.779999
1508598809726,ACCEL,-2.1260512,7.5848308,6.4643445
1508598809891,MAG,4.38,-35.04,-21.3
1508598809922,ACCEL,-2.0015526,7.5561004,6.5026517
1508598810092,MAG,4.38,-35.46,-20.76
1508598810118,ACCEL,-1.9440918,7.575254,6.5984197
1508598810292,MAG,4.38,-35.82,-20.34
1508598810316,ACCEL,-1.3599066,7.651869,6.847417
1508598810404,ACCEL,-1.3790601,7.5465236,6.742072
1508598810423,ACCEL,-1.3215994,7.5944076,6.742072
1508598810444,ACCEL,-1.2258313,7.651869,6.5984197
1508598810463,ACCEL,-1.1587936,7.7667904,6.847417
1508598810483,ACCEL,-1.2162545,7.690176,6.6846113
1508598810492,MAG,4.3199997,-36.12,-19.92
1508598810503,ACCEL,-1.2258313,7.6710224,6.6271505
1508598810523,ACCEL,-1.2545617,7.6231384,6.7133417
1508598810543,ACCEL,-1.2449849,7.6231384,6.6175733
1508598810562,ACCEL,-1.2545617,7.632715,6.445191
1508598810582,ACCEL,-1.2354081,7.680599,6.531382
1508598810602,ACCEL,-1.2162545,7.6231384,6.6654577
1508598810621,ACCEL,-1.3215994,7.6231384,6.7229185
1508598810641,ACCEL,-1.340753,7.6135616,6.9623384
1508598810661,ACCEL,-1.2545617,7.7572136,7.0964136
1508598810681,ACCEL,-1.2354081,7.7189064,6.8282633
1508598810692,MAG,4.2,-36.36,-19.56
1508598810701,ACCEL,-1.2066777,7.73806,6.5696893
1508598810721,ACCEL,-1.1779473,7.642292,6.588843
1508598810740,ACCEL,-1.2258313,7.603985,6.6271505
1508598810760,ACCEL,-1.2162545,7.6231384,6.751649
1508598810780,ACCEL,-1.2737153,7.575254,6.6367273
1508598810800,ACCEL,-1.4269443,7.6614456,6.6654577
1508598810819,ACCEL,-1.292869,7.603985,6.8186865
1508598810839,ACCEL,-1.1779473,7.651869,6.7708025
1508598810859,ACCEL,-1.2641385,7.536947,6.38773
1508598810879,ACCEL,-1.685518,7.297527,6.291962
1508598810892,MAG,4.02,-36.54,-19.38
1508598810899,ACCEL,-1.532289,7.3166804,6.493075
1508598810918,ACCEL,-1.2449849,7.6614456,6.6271505
1508598810938,ACCEL,-0.9959879,8.121132,6.943185
1508598810958,ACCEL,-0.8714894,8.063671,6.885724
1508598810978,ACCEL,-1.0151415,7.7093296,6.588843
1508598810997,ACCEL,-1.0151415,7.824251,6.8091097
1508598811017,ACCEL,-0.9672575,7.690176,6.847417
1508598811036,ACCEL,-0.9768343,7.728483,6.83784
1508598811056,ACCEL,-1.0055647,7.872135,7.019799
1508598811076,ACCEL,-1.1204864,7.795521,7.019799
1508598811092,MAG,3.84,-36.719997,-19.26
1508598811096,ACCEL,-1.2066777,7.651869,6.7708025
1508598811116,ACCEL,-1.2737153,7.575254,6.7133417
1508598811136,ACCEL,-1.292869,7.489063,6.493075
1508598811155,ACCEL,-1.3311762,7.489063,6.4547677
1508598811175,ACCEL,-1.2545617,7.4986396,6.5122285
1508598811195,ACCEL,-1.1013328,7.6135616,6.531382
1508598811216,ACCEL,-1.0342951,7.8912888,6.9048777
1508598811235,ACCEL,-1.1300632,7.690176,6.981492
1508598811254,ACCEL,-1.13964,7.5944076,6.8186865
1508598811274,ACCEL,-1.091756,7.690176,6.7708025
1508598811292,MAG,3.6,-36.899998,-19.199999
1508598811294,ACCEL,-1.0630256,7.785944,6.703765
1508598811314,ACCEL,-0.9864111,7.73806,6.7324953
1508598811333,ACCEL,-1.0151415,7.7572136,6.9144545
1508598811353,ACCEL,-1.1204864,7.5848308,6.7803793
1508598811373,ACCEL,-1.1587936,7.6231384,6.8186865
1508598811393,ACCEL,-1.1109096,7.747637,7.038953
1508598811413,ACCEL,-1.0342951,7.7189064,7.029376
1508598811433,ACCEL,-1.043872,7.632715,6.8186865
1508598811452,ACCEL,-1.1300632,7.651869,6.5505357
1508598811472,ACCEL,-1.13964,7.5944076,6.655881
1508598811492,ACCEL,-1.1683705,7.5944076,6.8665705
1508598811492,MAG,3.3,-36.96,-19.199999
1508598811511,ACCEL,-1.2545617,7.747637,6.1004257
1508598811532,ACCEL,-1.8387469,7.785944,5.161899
1508598811551,ACCEL,-1.388637,7.843405,7.07726
1508598811571,ACCEL,-1.3024458,7.5944076,7.1155677
1508598811591,ACCEL,-1.541866,7.690176,6.789956
1508598811612,ACCEL,-1.6280571,7.6231384,6.38773
1508598811631,ACCEL,-1.3790601,7.441179,7.2783732
1508598811653,ACCEL,-1.2162545,7.4507556,7.345411
1508598811670,ACCEL,-1.3790601,7.5944076,6.6079965
1508598811699,ACCEL,-1.3694834,7.642292,6.435614
1508598811699,MAG,2.82,-37.02,-19.26
1508598811709,ACCEL,-1.2066777,7.5944076,6.6654577
1508598811728,ACCEL,-1.3120226,7.5848308,6.6846113
1508598811750,ACCEL,-1.3120226,7.565677,6.588843
1508598811770,ACCEL,-1.3311762,7.5561004,6.7133417
1508598811789,ACCEL,-1.4173675,7.536947,6.7612257
1508598811807,ACCEL,-1.4556746,7.5465236,6.7324953
1508598811827,ACCEL,-1.4748282,7.5561004,6.8282633
1508598811847,ACCEL,-1.3694834,7.517793,6.895301
1508598811867,ACCEL,-1.3694834,7.603985,6.7708025
1508598811898,MAG,2.46,-37.02,-19.26
1508598811907,ACCEL,-1.3215994,7.575254,6.895301
1508598811926,ACCEL,-1.4077905,7.5848308,6.7324953
1508598811946,ACCEL,-1.3311762,7.632715,6.8569937
1508598811966,ACCEL,-1.2545617,7.5082164,6.7133417
1508598811986,ACCEL,-1.2162545,7.6135616,6.7708025
1508598812007,ACCEL,-1.2354081,7.5944076,6.7229185
1508598812025,ACCEL,-1.340753,7.5082164,6.6271505
1508598812045,ACCEL,-1.3790601,7.565677,6.5984197
1508598812065,ACCEL,-1.340753,7.603985,6.8665705
1508598812088,ACCEL,-1.2545617,7.575254,7.1730285
1508598812099,MAG,2.1,-37.02,-19.26
1508598812104,ACCEL,-1.1683705,7.565677,7.038953
1508598812124,ACCEL,-1.283292,7.565677,6.799533
1508598812144,ACCEL,-1.3215994,7.52737,6.847417
1508598812164,ACCEL,-1.3024458,7.5082164,6.799533
1508598812183,ACCEL,-1.3311762,7.517793,6.8091097
1508598812203,ACCEL,-1.2641385,7.5561004,6.8186865
1508598812223,ACCEL,-1.2641385,7.5082164,6.83784
1508598812243,ACCEL,-1.3215994,7.5082164,6.751649
1508598812262,ACCEL,-1.340753,7.536947,6.8091097
1508598812284,ACCEL,-1.3120226,7.52737,6.789956
1508598812298,MAG,1.86,-37.02,-19.26
1508598812306,ACCEL,-1.2354081,7.603985,6.9719152
1508598812322,ACCEL,-1.2162545,7.5848308,6.8761473
1508598812341,ACCEL,-1.2641385,7.52737,6.7708025
1508598812361,ACCEL,-1.2066777,7.5848308,6.9527617
1508598812381,ACCEL,-1.2354081,7.5561004,6.8282633
1508598812401,ACCEL,-1.2737153,7.52737,6.799533
1508598812422,ACCEL,-1.2641385,7.5465236,6.742072
1508598812440,ACCEL,-1.1875241,7.6135616,6.9240313
1508598812460,ACCEL,-1.2066777,7.536947,6.7133417
1508598812480,ACCEL,-1.283292,7.5465236,6.7708025
1508598812498,MAG,1.68,-37.02,-19.26
1508598812500,ACCEL,-1.1971009,7.565677,6.8569937
1508598812519,ACCEL,-1.2354081,7.5944076,6.8665705
1508598812539,ACCEL,-1.2258313,7.5465236,6.847417
1508598812559,ACCEL,-1.2449849,7.565677,6.895301
1508598812579,ACCEL,-1.2258313,7.536947,6.8282633
1508598812599,ACCEL,-1.2449849,7.52737,6.847417
1508598812618,ACCEL,-1.2545617,7.52737,6.789956
1508598812639,ACCEL,-1.2258313,7.4986396,6.6846113
1508598812659,ACCEL,-1.2545617,7.5944076,6.751649
1508598812679,ACCEL,-1.1779473,7.517793,6.895301
1508598812698,MAG,1.5,-36.899998,-19.26
1508598812698,ACCEL,-1.1971009,7.603985,6.943185
1508598812718,ACCEL,-1.2354081,7.5561004,6.7612257
1508598812738,ACCEL,-1.2449849,7.536947,6.8761473
1508598812757,ACCEL,-1.2162545,7.5465236,7.0581064
1508598812777,ACCEL,-1.2354081,7.536947,6.8761473
1508598812797,ACCEL,-1.2066777,7.5561004,6.9623384
1508598812817,ACCEL,-1.1779473,7.575254,6.9623384
1508598812836,ACCEL,-1.1779473,7.5848308,6.8282633
1508598812856,ACCEL,-1.2162545,7.536947,6.703765
1508598812876,ACCEL,-1.1971009,7.5082164,6.6654577
1508598812896,ACCEL,-1.2354081,7.517793,6.703765
1508598812899,MAG,1.38,-36.78,-19.26
1508598812916,ACCEL,-1.283292,7.5561004,6.8569937
1508598812936,ACCEL,-1.1971009,7.52737,6.8569937
1508598812955,ACCEL,-1.3215994,7.469909,6.5218053
1508598812974,ACCEL,-1.3215994,7.4986396,6.8282633
1508598812994,ACCEL,-1.2449849,7.4986396,7.1155677
1508598813014,ACCEL,-1.1971009,7.4603324,7.1634517
1508598813034,ACCEL,-1.1492168,7.431602,7.038953
1508598813053,ACCEL,-1.1587936,7.52737,7.0006456
1508598813073,ACCEL,-1.1971009,7.479486,7.038953
1508598813093,ACCEL,-1.2449849,7.4507556,7.1730285
1508598813098,MAG,1.3199999,-36.54,-19.26
1508598813113,ACCEL,-1.2641385,7.52737,7.1251445
1508598813133,ACCEL,-1.2066777,7.3549876,7.0006456
1508598813152,ACCEL,-1.2066777,7.4603324,7.019799
1508598813172,ACCEL,-1.2066777,7.469909,7.1059904
1508598813192,ACCEL,-1.2449849,7.441179,6.933608
1508598813211,ACCEL,-1.2641385,7.4603324,6.799533
1508598813231,ACCEL,-1.2449849,7.441179,6.9719152
1508598813251,ACCEL,-1.2737153,7.479486,7.374141
1508598813271,ACCEL,-1.2066777,7.5561004,7.441179
1508598813291,ACCEL,-1.3503298,7.3645644,7.029376
1508598813298,MAG,1.5,-36.3,-19.199999
1508598813317,ACCEL,-1.4556746,7.431602,7.1347213
1508598813331,ACCEL,-1.5514427,7.536947,5.410896
1508598813350,ACCEL,-1.3982137,7.699753,6.2249246
1508598813370,ACCEL,-1.0821792,7.565677,7.0581064
1508598813389,ACCEL,-1.2737153,7.632715,7.1251445
1508598813409,ACCEL,-1.388637,7.5465236,6.8282633
1508598813429,ACCEL,-1.4652514,7.5848308,6.291962
1508598813449,ACCEL,-1.4939818,7.431602,6.6175733
1508598813470,ACCEL,-1.5227122,7.374141,7.1059904
1508598813489,ACCEL,-1.4173675,7.2687964,7.2687964
1508598813502,MAG,1.62,-36.059998,-19.14
1508598813510,ACCEL,-1.5705963,7.297527,7.2687964
1508598813528,ACCEL,-1.6567876,7.345411,7.1634517
1508598813548,ACCEL,-1.733402,7.4028716,7.1347213
1508598813569,ACCEL,-1.7525556,7.326257,7.067683
1508598813590,ACCEL,-1.733402,7.374141,7.0006456
1508598813607,ACCEL,-1.6280571,7.297527,6.9527617
1508598813627,ACCEL,-1.5610195,7.326257,6.9527617
1508598813646,ACCEL,-1.6376339,7.2687964,6.789956
1508598813667,ACCEL,-1.6950948,7.345411,6.9527617
1508598813689,ACCEL,-1.6567876,7.3166804,7.038953
1508598813698,MAG,1.74,-35.82,-19.14
1508598813716,ACCEL,-1.7429788,7.28795,7.1634517
1508598813726,ACCEL,-1.7429788,7.374141,7.201759
1508598813745,ACCEL,-1.6280571,7.374141,7.201759
1508598813766,ACCEL,-1.6472107,7.2592196,7.0964136
1508598813789,ACCEL,-1.6663644,7.3549876,7.038953
1508598813806,ACCEL,-1.5993267,7.3166804,7.019799
1508598813899,MAG,1.8,-35.52,-19.08
1508598814003,ACCEL,-1.733402,7.2209125,7.1634517
1508598814099,MAG,1.92,-35.28,-19.08
1508598814200,ACCEL,-1.7812861,7.1634517,7.1059904
1508598814299,MAG,2.04,-35.04,-19.08
1508598814399,ACCEL,-1.8483237,7.28795,7.0964136
1508598814499,MAG,2.1,-34.8,-19.08
1508598814597,ACCEL,-1.3982137,7.0006456,7.422025
1508598814698,MAG,2.22,-34.739998,-19.08
1508598814794,ACCEL,-2.2218192,7.2304893,7.0485296
1508598814898,MAG,2.28,-34.62,-19.08
1508598814991,ACCEL,-2.0494366,7.28795,7.1634517
1508598815098,MAG,2.34,-34.559998,-19.199999
1508598815191,ACCEL,-2.1260512,7.3645644,7.3071036
1508598815299,MAG,2.3999999,-34.559998,-19.26
1508598815387,ACCEL,-2.1547816,7.52737,6.397307
1508598815499,MAG,2.58,-34.559998,-19.32
1508598815587,ACCEL,-2.2888567,7.489063,6.435614
1508598815699,MAG,2.7,-34.559998,-19.38
1508598815786,ACCEL,-2.2218192,7.345411,7.0102224
1508598815899,MAG,2.8799999,-34.62,-19.439999
1508598815981,ACCEL,-2.1452048,7.4028716,6.789956
1508598816099,MAG,3.1799998,-34.62,-19.5
1508598816180,ACCEL,-2.1260512,7.3645644,6.9048777
1508598816299,MAG,3.4199998,-34.62,-19.619999
1508598816377,ACCEL,-2.2122424,7.28795,6.83784
1508598816500,MAG,3.72,-34.62,-19.68
1508598816577,ACCEL,-2.0685902,7.6231384,6.655881
1508598816700,MAG,3.8999999,-34.62,-19.68
1508598816774,ACCEL,-2.2505496,7.3549876,6.8761473
1508598816899,MAG,4.14,-34.62,-19.68
1508598816971,ACCEL,-2.231396,7.326257,6.847417
1508598817100,MAG,4.38,-34.68,-19.74
1508598817169,ACCEL,-2.2697031,7.335834,7.038953
1508598817299,MAG,4.56,-34.68,-19.859999
1508598817367,ACCEL,-2.2122424,7.3166804,6.847417
1508598817499,MAG,4.62,-34.739998,-19.98
1508598817565,ACCEL,-2.2026656,7.335834,6.8186865
1508598817700,MAG,4.68,-34.739998,-20.1
1508598817763,ACCEL,-2.2601264,7.249643,6.5601125
1508598817899,MAG,4.74,-34.739998,-20.22
1508598817961,ACCEL,-2.1930888,7.1634517,7.393295
1508598818100,MAG,4.7999997,-34.8,-20.279999
1508598818159,ACCEL,-2.2601264,7.1634517,7.1155677
1508598818299,MAG,4.7999997,-34.8,-20.4
1508598818356,ACCEL,-2.1643584,7.3166804,6.933608
1508598818500,MAG,4.7999997,-34.8,-20.46
1508598818556,ACCEL,-2.2218192,7.1251445,5.142745
1508598818699,MAG,4.7999997,-34.8,-20.52
1508598818752,ACCEL,-2.0973208,6.9144545,7.2304893
1508598818832,ACCEL,-2.0207062,7.0581064,7.2209125
1508598818851,ACCEL,-1.9440918,7.067683,7.1634517
1508598818872,ACCEL,-1.8579005,7.0964136,7.240066
1508598818891,ACCEL,-1.7621324,7.2304893,7.2592196
1508598818900,MAG,4.7999997,-34.8,-20.52
1508598818911,ACCEL,-1.8387469,7.240066,7.2209125
1508598818930,ACCEL,-1.8195933,7.2783732,7.3071036
1508598818950,ACCEL,-1.8483237,7.153875,7.2304893
1508598818970,ACCEL,-1.8866309,7.0581064,7.3071036
1508598818990,ACCEL,-1.9057846,7.038953,7.1347213
1508598819010,ACCEL,-1.8962077,7.144298,7.038953
1508598819029,ACCEL,-1.982399,7.086837,7.1634517
1508598819049,ACCEL,-2.0494366,6.981492,7.335834
1508598819069,ACCEL,-2.078167,6.9623384,7.374141
1508598819091,ACCEL,-2.0494366,6.9048777,7.3549876
1508598819099,MAG,4.7999997,-34.8,-20.52
1508598819109,ACCEL,-2.0590134,6.7708025,7.201759
1508598819128,ACCEL,-1.982399,7.297527,6.9623384
1508598819149,ACCEL,-1.8100165,7.297527,6.2249246
1508598819168,ACCEL,-1.8483237,7.240066,5.2768207
1508598819189,ACCEL,-1.4077905,7.699753,4.3957543
1508598819208,ACCEL,-1.1204864,7.795521,4.3861775
1508598819227,ACCEL,-1.1875241,7.4986396,4.7309427
1508598819247,ACCEL,-1.4077905,7.2687964,6.83784
1508598819267,ACCEL,-1.3120226,4.232949,7.843405
1508598819287,ACCEL,-1.091756,3.4093432,7.2113357
1508598819300,MAG,4.7999997,-34.8,-20.46
1508598819307,ACCEL,-0.6607997,4.912902,9.078813
1508598819326,ACCEL,-1.0630256,6.435614,11.195287
1508598819346,ACCEL,-0.545878,4.8745947,10.524911
1508598819366,ACCEL,0.05746084,2.920926,11.9614315
1508598819386,ACCEL,0.095768064,2.2505496,11.252748
1508598819405,ACCEL,-0.20111294,2.3942018,12.373235
1508598819425,ACCEL,-0.20111294,2.231396,12.095507
1508598819445,ACCEL,-0.29688102,2.1164744,12.105083
1508598819464,ACCEL,0.641646,2.087744,12.804191
1508598819484,ACCEL,1.4460979,2.0494366,11.760319
1508598819500,MAG,4.68,-34.68,-20.699999
1508598819504,ACCEL,2.2984335,1.3311762,10.869676
1508598819524,ACCEL,0.9768343,1.3024458,10.103531
1508598819544,ACCEL,0.6703765,1.2066777,9.078813
1508598819563,ACCEL,0.05746084,0.7374141,9.337387
1508598819583,ACCEL,-0.15322891,-0.62249243,9.615114
1508598819603,ACCEL,-0.90021986,-0.5554548,6.7133417
1508598819623,ACCEL,-0.9672575,0.29688102,6.157887
1508598819643,ACCEL,-1.3503298,1.532289,7.3549876
1508598819662,ACCEL,-2.2026656,0.50757074,10.295067
1508598819682,ACCEL,-1.3982137,0.19153613,10.25676
1508598819704,MAG,3.36,-32.1,-22.32
1508598819705,ACCEL,-1.8579005,0.48841715,8.485051
1508598819722,ACCEL,-1.4939818,1.685518,7.3166804
1508598819742,ACCEL,-0.4213795,3.265691,7.929596
1508598819761,ACCEL,0.89064306,4.3957543,11.501745
1508598819781,ACCEL,0.90979666,3.620033,11.63582
1508598819802,ACCEL,0.009576807,3.5051112,9.586384
1508598819821,ACCEL,0.7086837,-0.46926352,12.239159
1508598819841,ACCEL,-0.02873042,0.6799533,10.572795
1508598819860,ACCEL,0.095768064,2.078167,10.304645
1508598819880,ACCEL,0.22026655,2.6910827,9.615114
1508598819901,ACCEL,0.8810662,3.7062242,10.812215
1508598819903,MAG,2.28,-29.46,-24.359999
1508598819920,ACCEL,0.90021986,3.8402996,9.662998
1508598819939,ACCEL,0.39264908,3.6774938,8.954314
1508598819959,ACCEL,-0.37349546,2.777274,9.241618
1508598819979,ACCEL,0.019153614,2.1260512,9.720459
1508598819999,ACCEL,0.30645782,2.4516625,9.279925
1508598820019,ACCEL,0.31603462,3.3135753,9.184157
1508598820038,ACCEL,0.37349546,4.7022123,8.810662
1508598820058,ACCEL,0.12449849,5.3821654,8.628703
1508598820078,ACCEL,0.06703765,4.711789,8.916007
1508598820098,ACCEL,-0.02873042,3.8881836,9.624691
1508598820103,MAG,1.14,-26.88,-26.34
1508598820118,ACCEL,0.08619126,3.8019924,9.758766
1508598820137,ACCEL,0.36391866,5.7365074,7.795521
1508598820157,ACCEL,0.9672575,5.2768207,7.517793
1508598820177,ACCEL,0.59376204,5.583278,8.073248
1508598820196,ACCEL,0.35434186,5.631162,8.130709
1508598820217,ACCEL,0.4405331,5.851429,7.785944
1508598820236,ACCEL,0.32561144,5.3725886,7.8146744
1508598820256,ACCEL,0.2777274,5.90889,7.5944076
1508598820276,ACCEL,0.6799533,6.2345014,6.9144545
1508598820295,ACCEL,0.7565677,6.3111157,7.2687964
1508598820303,MAG,-0.17999999,-24.96,-28.019999
1508598820315,ACCEL,0.60333884,6.291962,7.5848308
1508598820335,ACCEL,0.45010993,6.157887,7.374141
1508598820355,ACCEL,0.48841715,6.0716953,7.6231384
1508598820374,ACCEL,0.7278373,6.3111157,7.8625584
1508598820394,ACCEL,0.89064306,6.2823853,7.747637
1508598820414,ACCEL,0.4405331,6.157887,7.0102224
1508598820434,ACCEL,0.29688102,6.090849,6.4164605
1508598820454,ACCEL,0.46926352,6.3589997,7.374141
1508598820473,ACCEL,0.94810385,5.9663506,8.082825
1508598820494,ACCEL,0.80445176,6.1004257,7.517793
1508598820505,MAG,-1.56,-23.699999,-29.099998
1508598820513,ACCEL,0.8523358,6.4260373,7.1251445
1508598820539,ACCEL,0.93852705,6.1100025,8.791509
1508598820554,ACCEL,0.7278373,6.167464,7.632715
1508598820576,ACCEL,0.63206923,5.841852,7.3166804
1508598820592,ACCEL,0.58418524,6.0525417,7.201759
1508598820612,ACCEL,0.5650316,5.9184666,7.833828
1508598820636,ACCEL,0.34476504,5.583278,7.8625584
1508598820653,ACCEL,0.33518824,5.535394,8.034941
1508598820671,ACCEL,0.41180268,5.717354,7.776367
1508598820691,ACCEL,0.45968673,5.93762,7.642292
1508598820703,MAG,-2.8799999,-22.5,-30.119999
1508598820711,ACCEL,0.4213795,5.8322754,7.747637
1508598820731,ACCEL,0.50757074,5.8322754,7.7667904
1508598820751,ACCEL,0.50757074,5.841852,7.7572136
1508598820771,ACCEL,0.6799533,5.9759274,7.795521
1508598820790,ACCEL,0.7757214,6.081272,7.6710224
1508598820810,ACCEL,0.7182605,6.081272,7.603985
1508598820830,ACCEL,0.7182605,5.995081,7.6135616
1508598820850,ACCEL,0.91937345,7.201759,8.169016
1508598820869,ACCEL,0.94810385,6.1004257,8.00621
1508598820889,ACCEL,0.79487497,6.1866174,7.8050976
1508598820903,MAG,-4.2599998,-21.3,-31.14
1508598820909,ACCEL,0.35434186,5.793968,7.8050976
1508598820929,ACCEL,0.20111294,5.7269306,7.6614456
1508598820950,ACCEL,0.25857377,5.66947,7.5848308
1508598820969,ACCEL,0.33518824,5.9184666,7.536947
1508598820989,ACCEL,0.45968673,5.841852,7.651869
1508598821008,ACCEL,0.51714754,6.7229185,7.642292
1508598821028,ACCEL,0.22026655,5.765238,8.7532015
1508598821047,ACCEL,0.4309563,7.3071036,7.28795
1508598821069,ACCEL,0.009576807,6.1866174,8.485051
1508598821087,ACCEL,-0.1340753,7.431602,6.885724
1508598821104,MAG,-5.46,-20.34,-31.859999
1508598821107,ACCEL,-0.038307227,6.2632318,8.418014
1508598821126,ACCEL,-0.12449849,7.201759,7.690176
1508598821146,ACCEL,-0.29688102,6.8761473,7.9583263
1508598821167,ACCEL,-0.7757214,7.4028716,7.824251
1508598821187,ACCEL,-0.91937345,6.9527617,7.565677
1508598821206,ACCEL,-0.8619126,7.2687964,7.335834
1508598821226,ACCEL,-0.7374141,7.0102224,7.6135616
1508598821246,ACCEL,-0.94810385,7.1826053,6.9623384
1508598821267,ACCEL,-0.9959879,6.991069,6.6367273
1508598821286,ACCEL,-0.9864111,6.83784,6.933608
1508598821303,MAG,-5.52,-22.08,-31.08
1508598821306,ACCEL,-0.9959879,7.1251445,7.4603324
1508598821325,ACCEL,-0.8331822,7.5082164,5.9184666
1508598821345,ACCEL,-1.292869,8.1881695,4.8362875
1508598821365,ACCEL,-0.60333884,7.6614456,7.517793
1508598821385,ACCEL,-0.8619126,7.4028716,7.5082164
1508598821405,ACCEL,-0.9864111,7.5082164,6.5696893
1508598821424,ACCEL,-1.0534488,7.4986396,6.483498
1508598821458,ACCEL,-0.9672575,7.383718,7.747637
1508598821463,ACCEL,-0.61291564,7.4124484,8.00621
1508598821509,ACCEL,-0.8619126,7.431602,7.3166804
1508598821509,MAG,-5.52,-24.18,-29.4
1508598821509,ACCEL,-0.9576807,7.374141,7.345411
1508598821525,ACCEL,-1.091756,7.3166804,7.038953
1508598821558,ACCEL,-1.091756,7.3166804,6.981492
1508598821567,ACCEL,-1.091756,7.201759,6.943185
1508598821584,ACCEL,-1.0534488,7.1634517,6.751649
1508598821603,ACCEL,-1.0151415,7.374141,7.240066
1508598821622,ACCEL,-1.091756,7.3549876,7.1251445
1508598821641,ACCEL,-1.1013328,7.28795,7.201759
1508598821661,ACCEL,-1.0342951,7.393295,7.1730285
1508598821681,ACCEL,-0.9864111,7.431602,7.192182
1508598821701,ACCEL,-0.91937345,7.393295,7.249643
1508598821703,MAG,-5.52,-26.4,-27.599998
1508598821723,ACCEL,-0.93852705,7.422025,7.297527
1508598821740,ACCEL,-0.8523358,7.393295,7.1059904
1508598821760,ACCEL,-0.842759,7.422025,7.086837
1508598821780,ACCEL,-0.842759,7.4603324,6.9527617
1508598821801,ACCEL,-0.89064306,7.469909,6.751649
1508598821821,ACCEL,-0.82360536,7.517793,6.933608
1508598821840,ACCEL,-0.7661445,7.6231384,7.1059904
1508598821859,ACCEL,-0.78529817,7.4986396,7.249643
1508598821879,ACCEL,-0.91937345,7.4028716,7.144298
1508598821900,ACCEL,-0.9959879,7.374141,7.1634517
1508598821903,MAG,-5.2799997,-28.08,-26.039999
1508598821919,ACCEL,-0.9576807,7.383718,7.1347213
1508598821941,ACCEL,-0.90979666,7.4507556,7.1251445
1508598821958,ACCEL,-0.78529817,7.5082164,7.019799
1508598821978,ACCEL,-0.7757214,7.517793,6.9240313
1508598821997,ACCEL,-0.81402856,7.431602,7.029376
1508598822017,ACCEL,-0.8714894,7.536947,6.943185
1508598822037,ACCEL,-0.8523358,7.5465236,6.751649
1508598822063,ACCEL,-0.82360536,7.479486,6.9240313
1508598822096,ACCEL,-0.6607997,7.374141,7.469909
1508598822129,ACCEL,-0.63206923,7.4507556,7.489063
1508598822130,MAG,-4.7999997,-29.22,-25.08
1508598822130,ACCEL,-0.7661445,7.5465236,7.1155677
1508598822163,ACCEL,-0.641646,7.536947,7.0485296
1508598822163,ACCEL,-0.5650316,7.565677,7.1634517
1508598822197,ACCEL,-0.4213795,7.383718,7.393295
1508598822198,ACCEL,-0.4309563,7.038953,6.9144545
1508598822231,ACCEL,-0.4405331,7.192182,6.4260373
1508598822262,ACCEL,-1.0342951,8.169016,7.469909
1508598822303,MAG,-4.3199997,-30.3,-24.06
1508598822433,ACCEL,-1.1204864,8.944737,6.090849
1508598822504,MAG,-3.78,-31.5,-22.98
1508598822550,EXIT
1508598822630,ACCEL,-1.8004397,8.446744,5.66947
1508598822703,MAG,-2.8799999,-32.76,-21.6
1508598822828,ACCEL,-1.7238252,8.485051,5.583278
1508598822903,MAG,-1.9799999,-33.96,-19.859999
1508598823026,ACCEL,-1.6567876,8.446744,5.6407394
1508598823103,MAG,-1.26,-34.86,-18.66
1508598823224,ACCEL,-1.2162545,9.040505,5.1140146
1508598823303,MAG,-0.53999996,-35.64,-17.64
1508598823345,EXIT
1508598823422,ACCEL,-1.7142484,8.590396,5.410896
1508598823503,MAG,0.12,-36.42,-16.619999
1508598823554,EXIT
1508598823620,ACCEL,-1.5993267,8.686164,4.8458643
1508598823706,MAG,0.59999996,-37.14,-15.599999
1508598823727,EXIT
1508598823819,ACCEL,-2.0590134,8.848969,3.9743748
1508598823907,EXIT
1508598823908,MAG,1.0799999,-37.98,-14.639999
1508598824018,ACCEL,-2.030283,9.232041,4.7022123
1508598824088,EXIT
1508598824106,MAG,1.56,-38.7,-13.74
1508598824214,ACCEL,-2.0398598,8.791509,5.171476
1508598824270,EXIT
1508598824307,MAG,1.68,-39.3,-13.2
1508598824412,ACCEL,-2.0973208,8.561666,4.9224787
1508598824467,EXIT
1508598824507,MAG,1.68,-39.719997,-13.139999
1508598824610,ACCEL,-2.2026656,8.6574335,4.8841715
1508598824662,EXIT
1508598824706,MAG,1.74,-40.079998,-13.0199995
1508598824807,ACCEL,-2.1547816,8.532935,4.5777135
1508598824844,EXIT
1508598824907,MAG,1.8,-40.379997,-12.9
1508598825005,ACCEL,-2.1643584,8.66701,3.8786068
1508598825022,EXIT
1508598825107,MAG,1.92,-40.559998,-12.84
1508598825204,ACCEL,-1.9440918,7.7189064,4.261679
1508598825307,MAG,2.04,-40.739998,-12.84
1508598825402,ACCEL,-0.9672575,7.0485296,7.422025
1508598825507,MAG,2.1,-40.379997,-13.679999
1508598825600,ACCEL,-1.3694834,6.7133417,7.029376
1508598825707,MAG,2.1599998,-39.78,-14.82
1508598825797,ACCEL,-1.5131354,6.14831,7.603985
1508598825907,MAG,2.1599998,-39.12,-15.9
1508598825995,ACCEL,-0.7086837,6.4739213,7.8050976
1508598826108,MAG,2.1599998,-38.34,-17.22
1508598826193,ACCEL,-0.91937345,6.0238113,7.8912888
1508598826308,MAG,2.1599998,-37.559998,-18.66
1508598826390,ACCEL,-1.5610195,5.803545,7.9104424
1508598826508,MAG,2.1,-36.48,-20.16
1508598826588,ACCEL,-1.1971009,6.0238113,8.341399
1508598826707,MAG,2.04,-35.16,-21.779999
1508598826786,ACCEL,-1.2162545,6.090849,7.73806
1508598826907,MAG,1.92,-33.84,-23.64
1508598826984,ACCEL,-1.3503298,6.196194,8.0445175
1508598827107,MAG,1.86,-32.94,-24.66
1508598827181,ACCEL,-0.93852705,6.8761473,7.5465236
1508598827307,MAG,1.8,-32.28,-25.38
1508598827379,ACCEL,-1.2354081,5.8705826,8.197746
1508598827507,MAG,1.74,-31.679998,-26.099998
1508598827577,ACCEL,-1.8770541,6.3685765,6.081272
1508598827707,MAG,1.8,-31.14,-26.58
1508598827775,ACCEL,-1.091756,6.14831,9.586384
1508598827907,MAG,1.86,-30.72,-26.82
1508598827973,ACCEL,-2.3463178,8.130709,5.995081
1508598828107,MAG,1.92,-30.599998,-27.06
1508598828171,ACCEL,-2.9017725,7.795521,5.947197
1508598828307,MAG,2.04,-30.72,-27.119999
1508598828370,ACCEL,-2.9879637,6.3589997,8.935161
1508598828507,MAG,2.46,-31.14,-26.58
1508598828567,ACCEL,-3.6296098,7.28795,5.650316
1508598828707,MAG,2.9399998,-31.679998,-25.98
1508598828764,ACCEL,-2.9783869,6.7229185,7.067683
1508598828907,MAG,3.54,-32.16,-25.38
1508598828961,ACCEL,-3.1411927,7.1826053,6.244078
1508598829108,MAG,4.2599998,-32.76,-24.6
1508598829160,ACCEL,-3.8307228,7.479486,3.964798
1508598829307,MAG,4.98,-33.42,-23.82
1508598829357,ACCEL,-3.169923,7.249643,5.995081
1508598829508,MAG,5.64,-34.079998,-23.1
1508598829555,ACCEL,-2.4612393,7.565677,6.8569937
1508598829708,MAG,6.42,-34.739998,-22.32
1508598829752,ACCEL,-1.8674773,7.4507556,6.8665705
1508598829908,MAG,6.96,-35.399998,-21.6
1508598829950,ACCEL,-1.7046716,7.479486,6.933608
1508598830108,MAG,7.2599998,-35.76,-21.24
1508598830148,ACCEL,-1.733402,7.4028716,6.8091097
1508598830308,MAG,7.44,-36.0,-20.939999
1508598830345,ACCEL,-1.7621324,7.6231384,6.703765
1508598830508,MAG,7.56,-36.3,-20.699999
1508598830543,ACCEL,-1.2737153,5.7748146,7.3549876
1508598830708,MAG,7.5,-36.42,-20.52
1508598830741,ACCEL,-1.5035586,6.6367273,8.724471
1508598830908,MAG,7.3199997,-36.42,-20.64
1508598830939,ACCEL,-3.016694,6.5696893,6.540959
1508598831108,MAG,7.2,-36.239998,-20.64
1508598831136,ACCEL,-5.094861,7.2209125,4.5202527
1508598831308,MAG,7.8599997,-35.94,-20.52
1508598831334,ACCEL,-4.9320555,6.4164605,5.851429
1508598831509,MAG,8.639999,-35.7,-20.34
1508598831534,ACCEL,-4.6926355,6.8569937,5.3438582
1508598831708,MAG,9.36,-35.579998,-20.22
1508598831730,ACCEL,-4.807557,7.326257,6.3111157
1508598831909,MAG,10.139999,-35.399998,-20.039999
1508598831929,ACCEL,-3.4572272,7.153875,6.2632318
1508598832109,MAG,10.98,-35.28,-19.92
1508598832127,ACCEL,-0.2681506,-0.49799395,7.8050976
1508598832309,MAG,11.219999,-32.219997,-21.6
1508598832327,ACCEL,-3.466804,-3.1986535,9.701305
1508598832510,MAG,10.86,-28.26,-23.88
1508598832525,ACCEL,0.8714894,3.964798,7.3166804
1508598832709,MAG,10.08,-24.48,-26.279999
1508598832721,ACCEL,0.78529817,3.9073372,7.326257
1508598832909,MAG,7.56,-22.199999,-28.32
1508598832934,ACCEL,0.5267244,4.1659107,9.030929
1508598833110,MAG,4.62,-21.0,-29.82
1508598833114,ACCEL,0.9959879,5.8226986,7.4124484
